{
  "4.83628": 60,
  "9.67256": 10,
  "14.5088": 80,
  "19.3451": 30,
  "24.1814": 200
}