{
  "4.83628": 2006,
  "9.67256": 1980,
  "14.5088": 2014,
  "19.3451": 2005,
  "24.1814": 2009
}