{
  "4.83628": 41,
  "9.67256": 67,
  "14.5088": 10,
  "19.3451": 69,
  "24.1814": 34
}